-- MySQL dump 10.13  Distrib 5.5.24, for debian-linux-gnu (x86_64)
--
-- Host: localhost    Database: baike
-- ------------------------------------------------------
-- Server version	5.5.24-0ubuntu0.12.04.1

/*!40101 SET @OLD_CHARACTER_SET_CLIENT=@@CHARACTER_SET_CLIENT */;
/*!40101 SET @OLD_CHARACTER_SET_RESULTS=@@CHARACTER_SET_RESULTS */;
/*!40101 SET @OLD_COLLATION_CONNECTION=@@COLLATION_CONNECTION */;
/*!40101 SET NAMES utf8 */;
/*!40103 SET @OLD_TIME_ZONE=@@TIME_ZONE */;
/*!40103 SET TIME_ZONE='+00:00' */;
/*!40014 SET @OLD_UNIQUE_CHECKS=@@UNIQUE_CHECKS, UNIQUE_CHECKS=0 */;
/*!40014 SET @OLD_FOREIGN_KEY_CHECKS=@@FOREIGN_KEY_CHECKS, FOREIGN_KEY_CHECKS=0 */;
/*!40101 SET @OLD_SQL_MODE=@@SQL_MODE, SQL_MODE='NO_AUTO_VALUE_ON_ZERO' */;
/*!40111 SET @OLD_SQL_NOTES=@@SQL_NOTES, SQL_NOTES=0 */;

--
-- Table structure for table `Baike`
--

DROP TABLE IF EXISTS `Baike`;
/*!40101 SET @saved_cs_client     = @@character_set_client */;
/*!40101 SET character_set_client = utf8 */;
CREATE TABLE `Baike` (
  `id` int(11) NOT NULL AUTO_INCREMENT,
  `sender_id` int(11) DEFAULT NULL,
  `content` varchar(300) DEFAULT NULL,
  `good` int(11) DEFAULT '0',
  `share` int(11) DEFAULT '0',
  `time` timestamp NOT NULL DEFAULT CURRENT_TIMESTAMP,
  `comment` int(11) DEFAULT '0',
  PRIMARY KEY (`id`)
) ENGINE=InnoDB AUTO_INCREMENT=15 DEFAULT CHARSET=utf8;
/*!40101 SET character_set_client = @saved_cs_client */;

--
-- Dumping data for table `Baike`
--

LOCK TABLES `Baike` WRITE;
/*!40000 ALTER TABLE `Baike` DISABLE KEYS */;
INSERT INTO `Baike` VALUES (1,1,'澳大利亚研究者新近发布调查报告，指出黑色汽车在公路交通事故中扮演着主要角色，特别是在黎明前和黄昏后，黑色汽车的事故率比白色汽车高47%。除黑色外，最不安全的汽车色依次为灰色、银色、红色和蓝色，而最安全的汽车色依次为白色、金色和黄色。',4,0,'2013-01-02 04:54:43',4),(2,2,'人在饮酒后酒精会很快被消化系统吸收，接着进入血液循环系统，影响胃肠、心脏、肝肾、大脑内分泌系统，其中受害最直接、最严重的是大脑；如果酒后即喝咖啡，会使大脑从极度抑制转入极度兴奋，加快血液循环，增加心血管负担，对人体造成的损害甚至会超过喝酒本身。',5,0,'2013-01-02 04:55:44',1),(3,3,'喝豆浆时，不要加鸡蛋及糖，也不要喝太多。空腹时不要吃蕃茄，最好饭后吃。早上醒来，先喝一杯水，预防结石。 睡前三小时不要吃东西，会胖。少喝奶茶，因为高热量、高油，没有营养价值可言，长期饮用，易罹患高血压、糖尿病...等疾病。',3,0,'2013-01-02 04:56:46',0),(4,4,'1，巧克力饼干：每天吃6片，一年发胖14公斤；2，巧克力棒：每天吃一条，一年发胖13公斤；3，罐装果汁：每天喝一罐500ml，一年发胖12公斤；4，普通可乐：每天喝一罐375ml，一年发胖8公斤；5，啤酒：每天喝一罐375ml，一年发胖7公斤。',3,0,'2013-01-02 04:58:18',1),(5,4,'澳大利亚研究者新近发布调查报告，指出黑色汽车在公路交通事故中扮演着主要角色，特别是在黎明前和黄昏后，黑色汽车的事故率比白色汽车高47%。除黑色外，最不安全的汽车色依次为灰色、银色、红色和蓝色，而最安全的汽车色依次为白色、金色和黄色。',0,0,'2013-01-02 04:59:00',1),(6,5,'1，隔夜剩菜：隔夜后，蔬菜可能产牛亚硝酸，易致癌。2，西式快餐：热量高却缺乏维生素等营养，常吃易肥胖、营养不均衡。3，油条：不仅热量高，且高温油炸后会产生致癌物质。4，零食当早餐：不仅不营养，且不能补充水分。5，只吃蔬果：碳水化合物摄入太少',2,0,'2013-01-02 05:01:07',2),(7,6,'【可乐在生活中的6种妙用】1.可以用来清洁烧糊的锅；2.染发之后发现颜色有点重，用可乐洗头可帮你让颜色变浅些；3.能清洁你的首饰，让它们重现光彩。钻石除外；4.能够清除水壶里的残垢；5.把可乐和番茄酱以1比1的比例混合 能够做出美味的烤肉酱；6.可乐洗马桶会特别干净。',0,0,'2013-01-02 05:01:51',0),(8,7,'1、下午五点后.大餐少吃, 因为五点后身体不需那么多能量。 2、睡眠不足会变笨, 一天须八小时睡眠,有午睡习惯较不会老 。',0,0,'2013-01-02 05:04:48',2),(9,2,'【饮食养生黄金搭配】 1.鱼 豆腐：增鲜补钙2.猪肝 菠菜：防治贫血3.羊肉 生姜：冬令补虚佳品4.鸡肉 栗子：补血养身5.鸭肉 山药：补阴养肺6.瘦肉 大蒜：促进血液循环7.鸡蛋 百合：滋阴润燥8.芝麻 海带：美容9.豆腐 萝卜：有利消化10.红葡萄酒 花生：有益心脏。',0,0,'2013-01-02 05:06:50',0),(10,11,'【抗病水果】1、桃：含铁量居水果之冠，有助造血；2、杏：生津止渴，润肺化痰，清热解毒；3、西瓜：清热解暑、利尿；4、木瓜：助消化、消暑解渴、润肺止咳；5、菠萝：清热解暑、生津止渴；6、草莓：可缓解风热咳嗽，口舌糜烂，咽喉肿毒，便秘；7、葡萄：可保护免疫氧化损伤，并延缓衰老。',1,0,'2013-01-02 05:07:36',1),(11,10,'1、常吃宵夜，会得胃癌，因为胃得不到休息。 2、一个星期只能吃四颗蛋，吃太多对身体不好。3、鸡屁股含有致癌物，不要吃较好。4、饭后吃水果是错误的观念，应是饭前吃水果。5、女生月经来时，不要喝绿茶，反正茶类的不要喝就对了，多吃可以补血的东西。',0,0,'2013-01-02 05:08:15',0),(12,8,'巧用干电池去掉静电，出门时随时在包里带一节小的干电池，若裙子带静电，就把电池的正极在裙子上面擦几下即可去掉静电。',1,0,'2013-01-02 05:09:49',0),(13,8,'如何知道自己的Windows XP是否已激活：打开开始→运行，在弹出的对话框中输入：oobe/msoobe /a，回车后系统会弹出窗口告诉你系统是否已经激活。',1,0,'2013-01-02 05:09:59',1),(14,9,'【健康使用平板电脑】每次使用30分钟左右适当休息一会；使用触摸屏时，手指略微弯曲，这样手指软骨能够缓冲外来力量；触摸屏幕的力量要适中，每天应该坚持做手指按压两次以上，并且要用温水洗手，保持手指灵活。',0,0,'2013-01-02 05:10:36',1);
/*!40000 ALTER TABLE `Baike` ENABLE KEYS */;
UNLOCK TABLES;

--
-- Table structure for table `User`
--

DROP TABLE IF EXISTS `User`;
/*!40101 SET @saved_cs_client     = @@character_set_client */;
/*!40101 SET character_set_client = utf8 */;
CREATE TABLE `User` (
  `id` int(11) NOT NULL AUTO_INCREMENT,
  `username` varchar(20) DEFAULT NULL,
  `password` varchar(32) DEFAULT NULL,
  `tips` varchar(30) DEFAULT NULL,
  `img` varchar(20) DEFAULT NULL,
  PRIMARY KEY (`id`)
) ENGINE=InnoDB AUTO_INCREMENT=14 DEFAULT CHARSET=utf8;
/*!40101 SET character_set_client = @saved_cs_client */;

--
-- Dumping data for table `User`
--

LOCK TABLES `User` WRITE;
/*!40000 ALTER TABLE `User` DISABLE KEYS */;
INSERT INTO `User` VALUES (1,'speed','ce4ef3ec98443ed10da505114b58f153','食品卫生*政治军事分析*股价','1.jpg'),(2,'depon','00b7117ac2af06a241820f928d494844','股票分析*胎教婴儿护理*电脑维护','2.jpg'),(3,'奥特曼','827ccb0eea8a706c4c34a16891f84e7b','政治军事分析*打怪兽','3.jpg'),(4,'wang','e08392bb89dedb8ed6fb298f8e729c15','计算机互联网*胎教婴儿护理','4.jpg'),(5,'LinFeng','827ccb0eea8a706c4c34a16891f84e7b','音乐艺术*娱乐电影','5.jpg'),(6,'YangMi','827ccb0eea8a706c4c34a16891f84e7b','计算机互联网*股票分析*历史文化','6.jpg'),(7,'BigMan','827ccb0eea8a706c4c34a16891f84e7b','美食天下*疾病诊断*政治军事分析','7.jpg'),(8,'小猫咪','827ccb0eea8a706c4c34a16891f84e7b','计算机互联网*情感救助*历史文化','8.jpg'),(9,'kobe','2357e8fb9945f0a2039a7093422a3dee','计算机互联网*胎教婴儿护理','9.jpg'),(10,'longzhu','5720f87c356698470059ab82c66aa704','股票分析*历史文化','10.jpg'),(11,'HelloKitty','827ccb0eea8a706c4c34a16891f84e7b','股票分析*汽车达人*肯德基','11.jpg'),(12,'YinMu','827ccb0eea8a706c4c34a16891f84e7b','美食天下*政治军事分析*情感救助','12.jpg'),(13,'superman','84d961568a65073a3bcf0eb216b2a576','股票分析*汽车达人*胎教婴儿护理','13.jpg');
/*!40000 ALTER TABLE `User` ENABLE KEYS */;
UNLOCK TABLES;

--
-- Table structure for table `comment`
--

DROP TABLE IF EXISTS `comment`;
/*!40101 SET @saved_cs_client     = @@character_set_client */;
/*!40101 SET character_set_client = utf8 */;
CREATE TABLE `comment` (
  `id` int(11) NOT NULL AUTO_INCREMENT,
  `baike_id` int(11) DEFAULT NULL,
  `commenter_id` int(11) DEFAULT NULL,
  `content` varchar(100) DEFAULT NULL,
  `time` timestamp NOT NULL DEFAULT CURRENT_TIMESTAMP,
  PRIMARY KEY (`id`)
) ENGINE=InnoDB AUTO_INCREMENT=15 DEFAULT CHARSET=utf8;
/*!40101 SET character_set_client = @saved_cs_client */;

--
-- Dumping data for table `comment`
--

LOCK TABLES `comment` WRITE;
/*!40000 ALTER TABLE `comment` DISABLE KEYS */;
INSERT INTO `comment` VALUES (1,1,1,'我觉得这个说的很有道理！大家都来了解一下！','2013-01-02 04:55:05'),(2,1,2,'嗯嗯！学习学习！','2013-01-02 04:55:59'),(3,2,3,'喝酒真特么伤身啊！哥哥的胃就是这样被搞坏的！','2013-01-02 04:57:13'),(4,1,4,'好想真的有点儿道理啊...','2013-01-02 04:58:46'),(5,5,6,'哎呦  这是个什么网站 好像很有用的样子','2013-01-02 05:02:11'),(6,6,7,'你全家都是演TVB的！！哈啊','2013-01-02 05:03:59'),(7,1,7,'车还有为颜色分安全级别啊！我瞎了！长见识了！','2013-01-02 05:04:32'),(8,8,7,'我老是睡懒觉啊！','2013-01-02 05:05:06'),(9,10,10,'多吃水果队身体好！','2013-01-02 05:08:27'),(10,8,10,'我不睡懒觉身体真好哈哈哈！','2013-01-02 05:08:40'),(11,6,10,'人家是TVB第一小生！','2013-01-02 05:08:55'),(12,4,10,'你终于来了啊！','2013-01-02 05:09:10'),(13,14,9,'大家玩的时候注意休系啊！','2013-01-02 05:10:51'),(14,13,9,'收藏一下！','2013-01-02 05:11:03');
/*!40000 ALTER TABLE `comment` ENABLE KEYS */;
UNLOCK TABLES;

--
-- Table structure for table `friend`
--

DROP TABLE IF EXISTS `friend`;
/*!40101 SET @saved_cs_client     = @@character_set_client */;
/*!40101 SET character_set_client = utf8 */;
CREATE TABLE `friend` (
  `id` int(11) NOT NULL AUTO_INCREMENT,
  `guanzhu` int(11) DEFAULT NULL,
  `be_guanzhu` int(11) DEFAULT NULL,
  PRIMARY KEY (`id`)
) ENGINE=InnoDB AUTO_INCREMENT=13 DEFAULT CHARSET=utf8;
/*!40101 SET character_set_client = @saved_cs_client */;

--
-- Dumping data for table `friend`
--

LOCK TABLES `friend` WRITE;
/*!40000 ALTER TABLE `friend` DISABLE KEYS */;
INSERT INTO `friend` VALUES (2,1,2),(3,1,3),(4,2,1),(5,1,9),(6,1,8),(7,1,10),(8,1,7),(9,1,11),(10,1,6),(11,1,5),(12,1,4);
/*!40000 ALTER TABLE `friend` ENABLE KEYS */;
UNLOCK TABLES;

--
-- Table structure for table `headbaike`
--

DROP TABLE IF EXISTS `headbaike`;
/*!40101 SET @saved_cs_client     = @@character_set_client */;
/*!40101 SET character_set_client = utf8 */;
CREATE TABLE `headbaike` (
  `id` int(3) NOT NULL AUTO_INCREMENT,
  `content` varchar(100) COLLATE utf8_unicode_ci NOT NULL,
  `good` int(4) NOT NULL,
  `share` int(4) NOT NULL,
  PRIMARY KEY (`id`)
) ENGINE=InnoDB AUTO_INCREMENT=101 DEFAULT CHARSET=utf8 COLLATE=utf8_unicode_ci;
/*!40101 SET character_set_client = @saved_cs_client */;

--
-- Dumping data for table `headbaike`
--

LOCK TABLES `headbaike` WRITE;
/*!40000 ALTER TABLE `headbaike` DISABLE KEYS */;
INSERT INTO `headbaike` VALUES (1,'巧用牙膏:若有小面积皮肤损伤或烧伤、烫伤，抹上少许牙膏，可立即止血止痛，也可防止感染，疗效颇佳。',0,1),(2,'巧除纱窗油腻:可将洗衣粉、吸烟剩下的烟头一起放在水里，待溶解后，拿来擦玻璃窗、纱窗，效果均不错。',0,0),(3,'将虾仁放入碗内，加一点精盐、食用碱粉，用手抓搓一会儿后用清水浸泡，然后再用清水洗净，这样能使炒出的虾仁透明如水晶，爽嫩可口',0,0),(4,'和饺子面的窍门:在1斤面粉里掺入6个蛋清，使面里蛋白质增加，包的饺子下锅后蛋白质会很快凝固收缩，饺子起锅后收水快，不易粘连',0,0),(5,'将残茶叶浸入水中数天后，浇在植物根部，可促进植物生长；把残茶叶晒干，放到厕所或沟渠里燃熏，可消除恶臭，具有驱除蚊蝇的功能。',0,0),(6,'夹生饭重煮法:如果是米饭夹生，可用筷子在饭内扎些直通锅底的孔，洒入少许黄酒重焖，若只表面夹生，只要将表层翻到中间再焖即可。 ',0,0),(7,'烹调蔬菜时如果必须要焯，焯好菜的水最好尽量利用。如做水饺的菜，焯好的水可适量放在肉馅里，这样即保存营养，又使水饺馅味美有汤 ',0,0),(8,'炒鸡蛋的窍门:将鸡蛋打入碗中，加入少许温水搅拌均匀，倒入油锅里炒，炒时往锅里滴少许酒，这样炒出的鸡蛋蓬松、鲜嫩、可口。',0,0),(9,'如何使用砂锅1:新买来的砂锅第一次使用时，最好用来熬粥，或者用它煮一煮浓淘米水，以堵塞砂锅的微细孔隙，防止渗水。',0,0),(10,'巧用“十三香”:炖肉时用陈皮，香味浓郁；吃牛羊肉加白芷，可除膻增鲜；自制香肠用肉桂，味道鲜美；熏肉熏鸡用丁香，回味无穷。 ',0,0),(11,'如何知道自己的Windows XP是否已激活：打开开始→运行，在弹出的对话框中输入：oobe/msoobe /a，回车后系统会弹出窗口告诉你系统是否已经激活。',1,1),(12,'家用电器的缝隙里常常会积藏很多灰尘，可将废旧的毛笔用来清除，非常方便。',0,0),(13,'CD片不小心刮伤，只要用油性笔涂在刮痕上即可，不论什么颜色的油性笔都可以',0,0),(14,'水货说就是没有关税，走私起来的东西，（这类的是比较便宜的东西）但是现在也指的就是那些个经过翻新的旧的商品，比如手机之类的。',0,0),(15,'c语言中：class和struct的用法没什么区别，只是class默认的成员变量是private，而struct默认是public。',0,0),(16,' inline的好处：在实时系统中，最重要的是代码的运行速度。所以你可以采用inline关键字来减少调用一个函数并返回它的时间。',0,0),(17,'c++中定义抽象类 ：一个类想编程抽象类，它的成员函数加virtual并没有主体(=0)，这样的类不能实例化，只能被继承。',0,0),(18,'药品不良反应后，就自行更换其他药物的做法是不对的。',0,0),(19,'饭后服用一般指饭后15分钟-30分钟服用。',0,0),(20,'饭后服用中药或西药要避免用茶（含鞣酸）、饮料送服。',0,0),(21,'睡前服用药通常是指睡前15分钟-30分钟服用。',0,0),(22,'龙虾的血液是蓝色的',1,0),(23,'古埃及人把妇女的尿液加入大麦中．如果大麦发芽生长．那就表示该妇女怀孕了。因为孕妇尿中含有激素．能促进植物生长。',0,0),(24,'月圆期间人的食量会增加8％．而饮酒量会减少26％',0,0),(25,'老公是中国古时人们对太监的称呼',0,0),(26,'所有的北极熊都是左撇子',0,0),(27,'新生婴儿的第一坨屎是绿色的',0,0),(28,'男性遭遇雷击的风险系数是女性的6倍。',0,0),(29,'我们所穿的衣服每天把成千上万个表皮细胞揩掉。人们其实每27天就换上一层新的表皮。',0,0),(30,'人眼的直径总是大致相等的——24毫米，而且几乎不因人们的年龄而改变，所以，孩子们的眼睛看起来似乎大些。',0,0),(31,'1977年6月25日，美国佛罗里达州的特德·圣马田，在一次篮球表演赛中，站在罚球线上投篮，连续命中2036次。',0,0),(32,'中指的指甲比其他指甲长得快。',0,0),(33,'通过显微镜，我们可以看出：蚊子有22只牙齿。',0,0),(34,'鲸的心脏每小时只跳540次',0,0),(35,'海狮的胡子比耳朵还灵，能辨别几十海里外的声音。',0,0),(36,'长颈鹿打架时，就只会把长颈摇来晃去，用它们瘦骨嶙峋的头部拍击对方。',0,0),(37,'骆驼喝了含盐的水也能解渴。',0,0),(38,'意大利西西里岛埃特纳火山每日朝天喷出大量气体，其中含银9克、金2.4克。',0,0),(39,'铁片薄到只有0.001毫米厚时，就会像玻璃一样透明。',0,0),(40,'把一掬盐放入一杯水中，水平面不仅不会升高，反而会降低些。',0,0),(41,'据测定，地球上昼夜平均温差不超过20℃；而月亮对着太阳一面温度为110℃，背着的那一面为－170℃，二者相差280℃。',1,0),(42,'你身体的几乎一半热量是通过头顶失掉的。',0,0),(43,'在16世纪时，英国的男人是允许在晚上10时前殴打太太的。',0,0),(44,'在古希腊，象征婚姻幸福的标志是一个三角形。',0,0),(45,'在英国，当现代接骨手术还未发现之前，接骨的工作是由铁匠负责的。',0,0),(46,'在本世纪之前，所罗门群岛的土著都是用狗牙来作钱币的。',0,0),(47,'早期的高尔夫球其实是一个塞满羽毛的皮袋。',0,0),(48,'原来头痛是产生于脑子周围的肌肉及神经而不是脑子本身；因脑子是不能够感受痛楚的。',0,0),(49,'从含盐的多少来看，与人血最接近的物质是海水。',0,0),(50,'每一个人平均每年要消耗一吨的食物和饮料。',0,0),(51,'在我们吸入的氧气之中，有1／5是被脑细胞消耗的。',1,1),(52,'婴儿可以同时地呼吸和吞咽，但成人却不可以。',0,0),(53,'飞蛾是不会吃东西的，因为它没有口和胃。',0,0),(54,'大象是唯一能够做头手倒立的动物。',0,0),(55,'由于猪身有厚脂肪层的保护，令它不受蛇类的毒液影响，因此它不但能将蛇踏死，还会把它吃下',0,0),(56,'并不是所有的蚊子都吸人血的，只有雌蚊才这样做，雄蚊只吸植物的汁液。',0,0),(57,'在家猫的一生中，只有1／3的时间是清醒的。这跟它们的主人——人类——只花生命中的1／3时间来睡眠，有着明显的不同。',0,0),(58,'爱斯基摩人用电冰箱的目的是防止食物结冰。',0,0),(59,'很多鸟类总把它生下来时第一个看到的活动物认作是它的妈妈。',0,0),(60,'让某人解算问题时，他的瞳孔会扩大起来，直到问题解答完为止。',0,0),(61,'30亿年以前，地球上共有5亿种不同的动物和植物，现在还活着的只有约200万种，灭绝率99.6％。1,600年以来，灭绝了130种动物，其中7 5％是人为的。',0,0),(62,'北半球海洋中的水都是顺时针流动，南半球则都是逆时针流动。',0,0),(63,'鱼和昆虫是利用太阳作指南针，为短距离游动导游。',0,0),(64,'眼睛沿着每行字移动时，每一只眼睛只能摄入1至2.7个字。',0,0),(65,'催眠术在减轻口部的疼痛上，比针刺疗法更为有效。',1,0),(66,'世界上所有河水沉积物的重量加在一起，每年要超过18万亿吨。',0,0),(67,'美国的能源消耗占全世界的三分之一。',1,0),(68,'受伤的鲤鱼能分泌一种腺液，使同伙及早逃避。',0,0),(69,'宇宙的年龄大约在100亿年——200亿年之间。',0,0),(70,'在美国，每年工厂所排放的烟尘每个人都分摊到136公斤。',0,0),(71,'有一次龙卷风把一节83吨重的铁路车厢卷到空中，带了24米远，然后完整地放在一条沟里，车厢里的117位旅客无一人死亡。',0,0),(72,'龙卷风的方向总是朝向东北面。',1,0),(73,'在宇外空间还能探测到酒精的分子。',0,0),(74,'在法庭上，证人认错人是构成错判的主要原因之一。 ',0,0),(75,'七克拉肠毒杆菌的毒素可以毒死全世界的所有人。',0,0),(76,'地球的旋转速度正在变慢；古代的潮汐比现在高；一昼夜比现在短；一年的日数比现在多。',0,0),(77,'4亿年以前，一年有400天。',0,0),(78,'地球在冬天转得慢，夏天转得快。',0,0),(79,'每次下雨，五光十色的热带鸟杜拉克就要脱毛。',0,0),(80,'苍蝇、海星、蜗牛都是聋子。',0,0),(81,'在所有巨大的猛兽中，狮子的心脏最小。',0,0),(82,'蜘蛛的血压和人一样高。',0,0),(83,'海豚有96只牙，但总把食物整个吞下。',0,0),(84,'蛇脱皮时，眼睛软皮也脱一层。',0,0),(85,'抹香鲸潜水前总要先作60—70次“深呼吸”。',0,0),(86,'地球上有约450种食肉植物。',0,0),(87,'动物的脂肪大都呈蛋黄色，唯独鳄鱼脂肪是绿色。',0,0),(88,'麻雀虽小，但它颈上的骨头数目几乎比长颈鹿多一倍。',0,0),(89,'水中蝌蚪一旦缺碘就不能变成青蛙。',0,0),(90,'蝙蝠善飞，它能作圆形转弯、急刹车和快速变换飞行速度等多种“特技飞行”。',0,0),(91,'候鸟做距离最远的不着陆飞行是从阿留申群岛到夏威夷群岛。全程4500公里，要不歇气地飞行48—72小时。',0,0),(92,'亚马孙河流域产生世界上40％的氧气和全世界25％的清水。',0,0),(93,'一只北极熊，可以在30里外嗅到你的气味。',0,0),(94,'左撇子男人比左撇子女人多一倍。',0,0),(95,'阿拉伯人对骆驼，有差不多1000种不同的叫法。',0,0),(96,'美国第一封空邮信件，是乔治·华盛顿写的，这封信由一个法国汽球飞行家从费城带到新泽西去',0,0),(97,'在美国，绑架付出的赎金，可以作为一种支出，减收你每年的入息税。 睡觉的房子越冷，做恶梦的可能性也就越大。',0,0),(98,'一个人一年呼吸约一千万次。',0,0),(99,'指甲生长速度夏天比冬天快1/5，白天比晚间快一倍。中指指甲生长速度最快。',0,0),(100,'肺是人体唯一不消耗任何能量而起作用的器官。空气的呼出和吸入是由膈膜和胸部的肌肉进行的',0,0);
/*!40000 ALTER TABLE `headbaike` ENABLE KEYS */;
UNLOCK TABLES;
/*!40103 SET TIME_ZONE=@OLD_TIME_ZONE */;

/*!40101 SET SQL_MODE=@OLD_SQL_MODE */;
/*!40014 SET FOREIGN_KEY_CHECKS=@OLD_FOREIGN_KEY_CHECKS */;
/*!40014 SET UNIQUE_CHECKS=@OLD_UNIQUE_CHECKS */;
/*!40101 SET CHARACTER_SET_CLIENT=@OLD_CHARACTER_SET_CLIENT */;
/*!40101 SET CHARACTER_SET_RESULTS=@OLD_CHARACTER_SET_RESULTS */;
/*!40101 SET COLLATION_CONNECTION=@OLD_COLLATION_CONNECTION */;
/*!40111 SET SQL_NOTES=@OLD_SQL_NOTES */;

-- Dump completed on 2013-01-02 13:15:03
